Designator,Footprint,Quantity,Value,LCSC Part #
"C1, C2, C4, C5",0402,4,1uF,
"C10, C11, C12, C13, C14, C15, C6, C7, C8, C9",0402,10,100nF,
C3,0402,1,10uF,
"D1, D10, D11, D12, D13, D14, D15, D16, D17, D18, D19, D2, D20, D21, D22, D23, D24, D25, D26, D27, D28, D29, D3, D30, D31, D32, D33, D34, D35, D36, D37, D38, D39, D4, D40, D41, D42, D43, D44, D45, D46, D47, D48, D49, D5, D50, D51, D52, D53, D54, D55, D56, D57, D58, D59, D6, D60, D62, D63, D64, D65, D66, D67, D68, D69, D7, D70, D71, D72, D73, D74, D75, D76, D77, D78, D79, D8, D80, D81, D82, D83, D84, D85, D86, D87, D88, D89, D9, D90, D91, D92, D93, D94",D_SOD-123,93,D_Small,
"D100, D101, D102, D103, D104, D105, D106, D107, D108, D109, D110, D111, D112, D113, D114, D115, D116, D117, D118, D95, D96, D97, D98, D99",LED_WS2812_2020,24,WS2812B-2020,
F1,0805,1,500mA,
"J1, J_UDB2",Molex_Pico-EZmate_78171-0004_1x04-1MP_P1.20mm_Vertical,2,EZMate,
J_UDB1,JST_SH_SM04B-SRSS-TB_1x04-1MP_P1.00mm_Horizontal,1,JST,
J_USB-DB1,PinSocket_1x04_P2.54mm_Vertical,1,Solder,
MX1,MX-1.75U,1,Full Caps,
MX10,MX-1U-NoLED,1,F1 (88),
MX100,MX-1U-NoLED,1,RBSPC,
MX102,MX-1U-NoLED,1,Print,
MX103,MX-1U-NoLED,1,Delete,
MX104,MX-1U-NoLED,1,Ins,
MX105,MX-1U-NoLED,1,Left,
MX106,MX-1U,1,Scroll,
MX107,MX-1U-NoLED,1,Home,
MX108,MX-1U-NoLED,1,End,
MX109,MX-1U-NoLED,1,Up,
MX11,MX-1U-NoLED,1,1,
MX110,MX-1U-NoLED,1,Down,
MX111,MX-1U-NoLED,1,Pause,
MX112,MX-1U-NoLED,1,PgUp,
MX113,MX-1U-NoLED,1,PgDn,
MX114,MX-1U-NoLED,1,Right,
MX12,MX-1U-NoLED,1,Q,
MX13,MX-1U-NoLED,1,A,
MX14,MX-1U-NoLED,1,NUBS,
MX15,MX-1U-NoLED,1,100 LGUI,
MX17,MX-1U-NoLED,1,F2 (88),
MX18,MX-1U-NoLED,1,2,
MX19,MX-1U-NoLED,1,W,
MX2,MX-1U,1,Esc,
MX20,MX-1U-NoLED,1,S,
MX21,MX-1U-NoLED,1,Z,
MX22,MX-1.5U-NoLED,1,150 LALT,
MX23,MX-1U-NoLED,1,F1 (87),
MX25,MX-1U-NoLED,1,F3 (88),
MX26,MX-1U-NoLED,1,3,
MX27,MX-1U-NoLED,1,E,
MX28,MX-1U-NoLED,1,D,
MX29,MX-1U-NoLED,1,X,
MX3,MX-1U-NoLED,1,Grave,
MX30,MX-1U-NoLED,1,F2 (87),
MX31,MX-1U-NoLED,1,F4 (88),
MX32,MX-1U-NoLED,1,4,
MX33,MX-1U-NoLED,1,R,
MX34,MX-1U-NoLED,1,F,
MX35,MX-1U-NoLED,1,C,
MX36,MX-1U-NoLED,1,F3 (87),
MX37,MX-1U-NoLED,1,F5 (88),
MX38,MX-1U-NoLED,1,5,
MX39,MX-1U-NoLED,1,T,
MX4,MX-1.5U-NoLED,1,Tab,
MX40,MX-1U-NoLED,1,G,
MX41,MX-1U-NoLED,1,V,
"MX42, MX66",MX-3U-ReversedStabilizers-NoLED,2,300 Space,
MX43,MX-1U-NoLED,1,F4 (87),
MX44,MX-1U-NoLED,1,F6 (88)/F5 (87),
MX45,MX-1U-NoLED,1,6,
MX46,MX-1U-NoLED,1,Y,
MX47,MX-1U-NoLED,1,H,
MX48,MX-1U-NoLED,1,B,
MX49,MX-1U-NoLED,1,F7 (88)/F6 (87),
MX5,MX-1.25U-FLIPPED,1,Stepped caps,
MX50,MX-1U-NoLED,1,7,
MX51,MX-1U-NoLED,1,U,
MX52,MX-1U-NoLED,1,J,
MX53,MX-1U-NoLED,1,N,
MX54,MX-7U-ReversedStabilizers-NoLED,1,700 Space,
MX56,MX-1U-NoLED,1,F8 (88)/F7 (87),
MX57,MX-1U-NoLED,1,8,
MX58,MX-1U-NoLED,1,I,
MX59,MX-1U-NoLED,1,K,
MX6,MX-2.25U-NoLED,1,ANSI Shift,
MX60,MX-1U-NoLED,1,M,
MX61,MX-1U-NoLED,1,F9 (88),
MX62,MX-1U-NoLED,1,9,
MX63,MX-1U-NoLED,1,O,
MX64,MX-1U-NoLED,1,L,
MX65,MX-1U-NoLED,1,Comma,
MX67,MX-1U-NoLED,1,F8 (87),
MX68,MX-1U-NoLED,1,0,
MX69,MX-1U-NoLED,1,P,
MX7,MX-1.5U-NoLED,1,150 LCTRL,
MX70,MX-1U-NoLED,1,SCLN,
MX71,MX-1U-NoLED,1,Dot,
MX73,MX-1U-NoLED,1,F10 (88),
MX74,MX-1U-NoLED,1,Minus,
MX75,MX-1U-NoLED,1,LBRC,
MX76,MX-1U-NoLED,1,Quote,
MX77,MX-1U-NoLED,1,SLSH,
MX78,MX-1.5U-NoLED,1,150 RALT,
MX79,MX-1U-NoLED,1,F9 (87),
MX8,MX-1.25U-NoLED,1,ISO Shift,
MX81,MX-1U-NoLED,1,F11 (88),
MX82,MX-1U-NoLED,1,Equal,
MX83,MX-1U-NoLED,1,RBRC,
MX84,MX-1U-NoLED,1,NUHS,
MX85,MX-1.75U-NoLED,1,Split RShift,
MX86,MX-1U-NoLED,1,100 RGUI,
MX87,MX-1U-NoLED,1,F10 (87),
MX88,MX-2.75U-NoLED,1,Full RShift,
MX90,MX-1U-NoLED,1,F12 (88),
MX91,MX-1U-NoLED,1,LBSPC,
MX92,MX-2.25U-ReversedStabilizers-NoLED,1,ANSI Enter,
MX93,MX-1U-NoLED,1,F11 (87),
MX94,MX-ISO-FLIPPED-ReversedStabilizers,1,ISO Enter,
MX95,MX-1U-NoLED,1,F13 (88)/F12 (87),
MX96,MX-2U-NoLED,1,Full BSPC,
MX97,MX-1.5U-NoLED,1,BSLS,
MX98,MX-1U-NoLED,1,Fn,
MX99,MX-1.5U-NoLED,1,150 RCTRL,
"R1, R10, R2, R3, R9",0402,5,1k,
"R6, R7",0402,2,27,
R8,0402,1,10k,
SW_Boot1,SW_SPST_TL3342,1,Boot,
SW_RST1,SW_SPST_TL3342,1,Reset,
U1,SOT-23,1,XC6206PxxxMR,
U2,SOT143B,1,PRTR5V0U2X,
U3,RP2040-QFN-56,1,RP2040,
U4,SOIC-8_5.23x5.23mm_P1.27mm,1,W25Q128JVS,
U5,SOT-23-5,1,SN74AHCT1G125,
Y1,Resonator_SMD_Murata_CSTxExxV-3Pin_3.0x1.1mm,1,12MHz,
